method,episode,n_total,n_pred_pick,n_pred_wait,n_pred_revisit,n_gt_pick,n_gt_wait,n_gt_revisit,n_pick_pick,n_false_pick,n_false_wait,false_pick_rate,pick_precision,pick_recall,revisit_burden
Axis-Endpoint,9.500000,945.000000,172.148325,634.881675,137.970000,179.000000,766.000000,0.000000,143.916000,28.232325,8.055000,0.164000,0.836000,0.804000,0.146000
FS-Proto-Reject,9.500000,945.000000,30.875546,555.969454,358.155000,179.000000,766.000000,0.000000,28.282000,2.593546,8.055000,0.084000,0.916000,0.158000,0.379000
TAP-E(tip),9.500000,945.000000,165.230769,553.914231,225.855000,179.000000,766.000000,0.000000,143.916000,21.314769,8.055000,0.129000,0.871000,0.804000,0.239000
