method,episode,n_total,n_pred_pick,n_pred_wait,n_pred_revisit,n_gt_pick,n_gt_wait,n_gt_revisit,n_pick_pick,n_false_pick,n_false_wait,false_pick_rate,pick_precision,pick_recall,revisit_burden
Axis-Endpoint,9.500000,1083.000000,182.650000,760.500000,139.850000,225.000000,858.000000,0.000000,149.700000,32.950000,12.950000,0.172708,0.827292,0.665333,0.129132
FS-Proto-Reject,9.500000,1083.000000,41.300000,629.600000,412.100000,225.000000,858.000000,0.000000,36.400000,4.900000,9.900000,0.089609,0.910391,0.161778,0.380517
TAP-E(tip),9.500000,1083.000000,190.893594,622.756406,269.350000,225.000000,858.000000,0.000000,170.325000,20.568594,12.050000,0.107749,0.892251,0.757000,0.248707
