method,episode,n_total,n_pred_pick,n_pred_wait,n_pred_revisit,n_gt_pick,n_gt_wait,n_gt_revisit,n_pick_pick,n_false_pick,n_false_wait,false_pick_rate,pick_precision,pick_recall,revisit_burden
Axis-Endpoint,9.500000,993.000000,185.900000,642.300000,164.800000,195.000000,798.000000,0.000000,151.900000,34.000000,6.650000,0.177057,0.822943,0.778974,0.165962
FS-Proto-Reject,9.500000,993.000000,37.750000,598.800000,356.450000,195.000000,798.000000,0.000000,33.700000,4.050000,8.750000,0.079456,0.920544,0.172821,0.358963
TAP-E(tip),9.500000,993.000000,177.300000,663.450000,152.250000,195.000000,798.000000,0.000000,146.300000,31.000000,7.800000,0.168821,0.831179,0.750256,0.153323
